{"cameraMode":{"drawMode":0,"name":"Shaded","section":"Shading Mode"},"sceneLighting":false,"audioPlay":false,"sceneViewState":{"m_AlwaysRefresh":false,"showFog":true,"showSkybox":false,"showFlares":true,"showImageEffects":true,"showParticleSystems":true,"showVisualEffectGraphs":true,"m_FxEnabled":true},"in2DMode":false,"pivot":{"x":-1.2122576236724854,"y":1.0866973400115967,"z":-0.6468954086303711},"rotation":{"x":0.36376991868019106,"y":-0.1485610157251358,"z":0.058911535888910297,"w":0.9177072048187256},"size":0.7754490375518799,"orthographic":false}