{"cameraMode":{"drawMode":0,"name":"Shaded","section":"Shading Mode"},"sceneLighting":true,"audioPlay":false,"sceneViewState":{"m_AlwaysRefresh":false,"showFog":true,"showSkybox":true,"showFlares":true,"showImageEffects":true,"showParticleSystems":true,"showVisualEffectGraphs":true,"m_FxEnabled":true},"in2DMode":false,"pivot":{"x":-13.702523231506348,"y":-30.477720260620118,"z":35.48613357543945},"rotation":{"x":0.33302220702171328,"y":-0.1960969716310501,"z":0.07080624997615814,"w":0.9196581244468689},"size":26.443479537963868,"orthographic":false}