{"cameraMode":{"drawMode":0,"name":"Shaded","section":"Shading Mode"},"sceneLighting":false,"audioPlay":false,"sceneViewState":{"m_AlwaysRefresh":false,"showFog":true,"showSkybox":false,"showFlares":true,"showImageEffects":true,"showParticleSystems":true,"showVisualEffectGraphs":true,"m_FxEnabled":true},"in2DMode":false,"pivot":{"x":5.470958709716797,"y":0.07019838690757752,"z":-121.23960876464844},"rotation":{"x":0.37016135454177859,"y":-0.3197921812534332,"z":0.13741235435009004,"w":0.8613160252571106},"size":1.3275126218795777,"orthographic":false}