{"cameraMode":{"drawMode":0,"name":"Shaded","section":"Shading Mode"},"sceneLighting":false,"audioPlay":false,"sceneViewState":{"m_AlwaysRefresh":false,"showFog":true,"showSkybox":false,"showFlares":true,"showImageEffects":true,"showParticleSystems":true,"showVisualEffectGraphs":true,"m_FxEnabled":true},"in2DMode":false,"pivot":{"x":8.477035522460938,"y":0.28828468918800356,"z":-118.16922760009766},"rotation":{"x":0.4233531057834625,"y":0.02988961525261402,"z":-0.013972599059343338,"w":0.9053733944892883},"size":1.4150642156600953,"orthographic":false}