{"cameraMode":{"drawMode":0,"name":"Shaded","section":"Shading Mode"},"sceneLighting":false,"audioPlay":false,"sceneViewState":{"m_AlwaysRefresh":false,"showFog":true,"showSkybox":false,"showFlares":true,"showImageEffects":true,"showParticleSystems":true,"showVisualEffectGraphs":true,"m_FxEnabled":true},"in2DMode":false,"pivot":{"x":-0.008374913595616818,"y":-0.33514758944511416,"z":0.6739693880081177},"rotation":{"x":-0.1984090358018875,"y":-0.025875387713313104,"z":0.00523900892585516,"w":-0.9797659516334534},"size":0.797946572303772,"orthographic":false}