{"cameraMode":{"drawMode":0,"name":"Shaded","section":"Shading Mode"},"sceneLighting":false,"audioPlay":false,"sceneViewState":{"m_AlwaysRefresh":false,"showFog":true,"showSkybox":false,"showFlares":true,"showImageEffects":true,"showParticleSystems":true,"showVisualEffectGraphs":true,"m_FxEnabled":true},"in2DMode":false,"pivot":{"x":-0.005722939968109131,"y":0.197380930185318,"z":-0.0007368326187133789},"rotation":{"x":0.39665523171424868,"y":-0.14499437808990479,"z":0.0636095181107521,"w":0.9042282700538635},"size":0.8327360153198242,"orthographic":false}