{"cameraMode":{"drawMode":0,"name":"Shaded","section":"Shading Mode"},"sceneLighting":false,"audioPlay":false,"sceneViewState":{"m_AlwaysRefresh":false,"showFog":true,"showSkybox":false,"showFlares":true,"showImageEffects":true,"showParticleSystems":true,"showVisualEffectGraphs":true,"m_FxEnabled":true},"in2DMode":false,"pivot":{"x":42.75559997558594,"y":0.32896822690963747,"z":9.00076675415039},"rotation":{"x":0.4233531057834625,"y":0.02988961525261402,"z":-0.013972599059343338,"w":0.9053733944892883},"size":0.8862784504890442,"orthographic":false}