{"cameraMode":{"drawMode":0,"name":"Shaded","section":"Shading Mode"},"sceneLighting":false,"audioPlay":false,"sceneViewState":{"m_AlwaysRefresh":false,"showFog":true,"showSkybox":false,"showFlares":true,"showImageEffects":true,"showParticleSystems":true,"showVisualEffectGraphs":true,"m_FxEnabled":true},"in2DMode":false,"pivot":{"x":5.499238967895508,"y":0.0199437253177166,"z":-90.24042510986328},"rotation":{"x":0.4233531057834625,"y":0.02988961525261402,"z":-0.013972599059343338,"w":0.9053733944892883},"size":1.3854970932006837,"orthographic":false}