{"cameraMode":{"drawMode":0,"name":"Shaded","section":"Shading Mode"},"sceneLighting":false,"audioPlay":false,"sceneViewState":{"m_AlwaysRefresh":false,"showFog":true,"showSkybox":false,"showFlares":true,"showImageEffects":true,"showParticleSystems":true,"showVisualEffectGraphs":true,"m_FxEnabled":true},"in2DMode":false,"pivot":{"x":28.749717712402345,"y":0.11474739015102387,"z":30.560230255126954},"rotation":{"x":0.4233531057834625,"y":0.02988961525261402,"z":-0.013972599059343338,"w":0.9053733944892883},"size":1.3550913333892823,"orthographic":false}